date,temperature
2018-01-01,14.0
2018-01-02,16.041666666666668
2018-01-03,17.916666666666668
2018-01-04,16.791666666666668
2018-01-05,17.375
2018-01-06,17.333333333333332
2018-01-07,14.8125
2018-01-08,17.4
2018-01-09,13.520833333333334
2018-01-10,11.32
2018-01-11,13.25
2018-01-12,15.958333333333334
2018-01-13,17.375
2018-01-14,18.041666666666668
2018-01-15,16.666666666666668
2018-01-16,16.0
2018-01-17,17.125
2018-01-18,18.041666666666668
2018-01-19,15.09375
2018-01-20,12.555555555555555
2018-01-21,10.28
2018-01-22,11.875
2018-01-23,13.5
2018-01-24,15.416666666666666
2018-01-25,12.423076923076923
2018-01-26,12.541666666666666
2018-01-27,13.708333333333334
2018-01-28,21.36
2018-01-29,23.916666666666668
2018-01-30,21.041666666666668
2018-01-31,18.375
2018-02-01,18.48148148148148
2018-02-02,19.416666666666668
2018-02-03,18.833333333333332
2018-02-04,19.041666666666668
2018-02-05,18.375
2018-02-06,15.517241379310345
2018-02-07,17.583333333333332
2018-02-08,19.0
2018-02-09,18.25
2018-02-10,14.428571428571429
2018-02-11,14.678571428571429
2018-02-12,13.517241379310345
2018-02-13,12.041666666666666
2018-02-14,14.333333333333334
2018-02-15,15.291666666666666
2018-02-16,16.56
2018-02-17,15.416666666666666
2018-02-18,14.166666666666666
2018-02-19,11.413793103448276
2018-02-20,8.75
2018-02-21,9.875
2018-02-22,9.291666666666666
2018-02-23,9.384615384615385
2018-02-24,9.28
2018-02-25,11.375
2018-02-26,12.692307692307692
2018-02-27,9.444444444444445
2018-02-28,8.833333333333334
2018-03-01,10.846153846153847
2018-03-02,10.857142857142858
2018-03-03,11.625
2018-03-04,9.833333333333334
2018-03-05,12.416666666666666
2018-03-06,16.208333333333332
2018-03-07,16.375
2018-03-08,16.166666666666668
2018-03-09,15.958333333333334
2018-03-10,14.515151515151516
2018-03-11,13.829268292682928
2018-03-12,14.975
2018-03-13,16.21875
2018-03-14,14.232558139534884
2018-03-15,12.757575757575758
2018-03-16,12.23076923076923
2018-03-17,11.382352941176471
2018-03-18,11.0
2018-03-19,14.125
2018-03-20,16.541666666666668
2018-03-21,14.272727272727273
2018-03-22,14.61111111111111
2018-03-23,14.083333333333334
2018-03-24,13.724137931034482
2018-03-25,13.23076923076923
2018-03-26,14.16
2018-03-27,17.04
2018-03-28,17.25
2018-03-29,18.083333333333332
2018-03-30,19.541666666666668
2018-03-31,18.666666666666668
2018-04-01,15.481481481481481
2018-04-02,14.4
2018-04-03,15.366666666666667
2018-04-04,14.793103448275861
2018-04-05,15.333333333333334
2018-04-06,16.666666666666668
2018-04-07,17.68
2018-04-08,17.625
2018-04-09,21.833333333333332
2018-04-10,25.083333333333332
2018-04-11,21.545454545454547
2018-04-12,15.607142857142858
2018-04-13,17.958333333333332
2018-04-14,20.75
2018-04-15,19.958333333333332
2018-04-16,15.615384615384615
2018-04-17,13.6
2018-04-18,16.333333333333332
2018-04-19,13.153846153846153
2018-04-20,14.846153846153847
2018-04-21,19.333333333333332
2018-04-22,22.625
2018-04-23,20.166666666666668
2018-04-24,17.666666666666668
2018-04-25,16.75862068965517
2018-04-26,16.5
2018-04-27,15.035714285714286
2018-04-28,16.333333333333332
2018-04-29,15.62962962962963
2018-04-30,15.0625
2018-05-01,12.89655172413793
2018-05-02,13.666666666666666
2018-05-03,15.62962962962963
2018-05-04,21.333333333333332
2018-05-05,25.375
2018-05-06,24.166666666666668
2018-05-07,20.333333333333332
2018-05-08,20.75
2018-05-09,19.347826086956523
2018-05-10,18.96
2018-05-11,15.866666666666667
2018-05-12,14.666666666666666
2018-05-13,15.2
2018-05-14,16.125
2018-05-15,16.384615384615383
2018-05-16,17.346153846153847
2018-05-17,17.48
2018-05-18,16.59375
2018-05-19,16.103448275862068
2018-05-20,17.076923076923077
2018-05-21,15.515151515151516
2018-05-22,15.580645161290322
2018-05-23,16.333333333333332
2018-05-24,15.344827586206897
2018-05-25,16.03846153846154
2018-05-26,15.875
2018-05-27,16.76923076923077
2018-05-28,17.0
2018-05-29,17.785714285714285
2018-05-30,15.724137931034482
2018-05-31,17.576923076923077
2018-06-01,18.041666666666668
2018-06-02,20.708333333333332
2018-06-03,21.75
2018-06-04,20.285714285714285
2018-06-05,18.37037037037037
2018-06-06,18.22222222222222
2018-06-07,17.357142857142858
2018-06-08,21.25
2018-06-09,22.5
2018-06-10,21.375
2018-06-11,23.041666666666668
2018-06-12,23.47826086956522
2018-06-13,23.291666666666668
2018-06-14,22.833333333333332
2018-06-15,21.875
2018-06-16,18.310344827586206
2018-06-17,16.428571428571427
2018-06-18,17.535714285714285
2018-06-19,18.22222222222222
2018-06-20,20.375
2018-06-21,20.692307692307693
2018-06-22,20.428571428571427
2018-06-23,19.76923076923077
2018-06-24,18.923076923076923
2018-06-25,20.0
2018-06-26,20.24137931034483
2018-06-27,21.2
2018-06-28,20.22222222222222
2018-06-29,19.653846153846153
2018-06-30,19.96551724137931
2018-07-01,20.576923076923077
2018-07-02,20.62962962962963
2018-07-03,20.25925925925926
2018-07-04,20.821428571428573
2018-07-05,23.916666666666668
2018-07-06,33.333333333333336
2018-07-07,36.07692307692308
2018-07-08,31.166666666666668
2018-07-09,29.5
2018-07-10,26.875
2018-07-11,26.75
2018-07-12,26.458333333333332
2018-07-13,25.5
2018-07-14,24.958333333333332
2018-07-15,25.541666666666668
2018-07-16,24.24
2018-07-17,22.88888888888889
2018-07-18,23.1
2018-07-19,24.666666666666668
2018-07-20,24.583333333333332
2018-07-21,23.5
2018-07-22,25.125
2018-07-23,28.916666666666668
2018-07-24,29.041666666666668
2018-07-25,28.25
2018-07-26,26.416666666666668
2018-07-27,25.25925925925926
2018-07-28,24.5
2018-07-29,25.958333333333332
2018-07-30,27.291666666666668
2018-07-31,28.125
2018-08-01,27.166666666666668
2018-08-02,26.666666666666668
2018-08-03,27.0
2018-08-04,26.458333333333332
2018-08-05,26.25
2018-08-06,27.458333333333332
2018-08-07,29.88
2018-08-08,28.5
2018-08-09,28.958333333333332
2018-08-10,27.916666666666668
2018-08-11,27.68421052631579
2018-08-12,25.958333333333332
2018-08-13,24.458333333333332
2018-08-14,23.5
2018-08-15,23.708333333333332
2018-08-16,23.814814814814813
2018-08-17,24.535714285714285
2018-08-18,23.928571428571427
2018-08-19,24.23076923076923
2018-08-20,23.633333333333333
2018-08-21,23.653846153846153
2018-08-22,23.413793103448278
2018-08-23,22.96153846153846
2018-08-24,21.34375
2018-08-25,22.136363636363637
2018-08-26,20.78125
2018-08-27,20.366666666666667
2018-08-28,21.0
2018-08-29,23.041666666666668
2018-08-30,23.958333333333332
2018-08-31,23.5
2018-09-01,21.82758620689655
2018-09-02,21.0
2018-09-03,21.615384615384617
2018-09-04,21.333333333333332
2018-09-05,20.310344827586206
2018-09-06,20.321428571428573
2018-09-07,21.296296296296298
2018-09-08,25.416666666666668
2018-09-09,25.833333333333332
2018-09-10,22.964285714285715
2018-09-11,21.703703703703702
2018-09-12,21.0
2018-09-13,22.26923076923077
2018-09-14,25.166666666666668
2018-09-15,24.72
2018-09-16,23.625
2018-09-17,23.166666666666668
2018-09-18,22.041666666666668
2018-09-19,20.958333333333332
2018-09-20,20.96
2018-09-21,20.933333333333334
2018-09-22,23.166666666666668
2018-09-23,22.166666666666668
2018-09-24,19.666666666666668
2018-09-25,17.964285714285715
2018-09-26,19.677419354838708
2018-09-27,22.14814814814815
2018-09-28,20.833333333333332
2018-09-29,20.071428571428573
2018-09-30,20.791666666666668
2018-10-01,24.958333333333332
2018-10-02,24.708333333333332
2018-10-03,20.458333333333332
2018-10-04,19.482758620689655
2018-10-05,18.833333333333332
2018-10-06,19.037037037037038
2018-10-07,18.6
2018-10-08,18.076923076923077
2018-10-09,18.51851851851852
2018-10-10,17.433333333333334
2018-10-11,17.458333333333332
2018-10-12,19.25
2018-10-13,17.78125
2018-10-14,17.514285714285716
2018-10-15,20.115384615384617
2018-10-16,20.041666666666668
2018-10-17,19.608695652173914
2018-10-18,19.958333333333332
2018-10-19,22.375
2018-10-20,23.36
2018-10-21,21.5
2018-10-22,18.2
2018-10-23,18.833333333333332
2018-10-24,19.6
2018-10-25,17.452380952380953
2018-10-26,21.458333333333332
2018-10-27,22.625
2018-10-28,20.541666666666668
2018-10-29,19.041666666666668
2018-10-30,17.5
2018-10-31,18.208333333333332
2018-11-01,19.166666666666668
2018-11-02,21.541666666666668
2018-11-03,22.125
2018-11-04,21.625
2018-11-05,16.225
2018-11-06,18.25925925925926
2018-11-07,16.703703703703702
2018-11-08,15.774193548387096
2018-11-09,22.125
2018-11-10,17.103448275862068
2018-11-11,14.88
2018-11-12,15.041666666666666
2018-11-13,14.708333333333334
2018-11-14,17.458333333333332
2018-11-15,16.625
2018-11-16,16.541666666666668
2018-11-17,14.030303030303031
2018-11-18,15.833333333333334
2018-11-19,15.708333333333334
2018-11-20,15.583333333333334
2018-11-21,14.25
2018-11-22,14.675
2018-11-23,14.041666666666666
2018-11-24,15.208333333333334
2018-11-25,15.791666666666666
2018-11-26,16.583333333333332
2018-11-27,16.708333333333332
2018-11-28,13.28125
2018-11-29,14.25
2018-11-30,12.8125
2018-12-01,13.25
2018-12-02,12.92
2018-12-03,12.434782608695652
2018-12-04,13.416666666666666
2018-12-05,12.26923076923077
2018-12-06,9.781818181818181
2018-12-07,11.958333333333334
2018-12-08,13.583333333333334
2018-12-09,14.416666666666666
2018-12-10,14.75
2018-12-11,14.125
2018-12-12,12.444444444444445
2018-12-13,13.416666666666666
2018-12-14,14.375
2018-12-15,14.416666666666666
2018-12-16,13.416666666666666
2018-12-17,13.310344827586206
2018-12-18,13.241379310344827
2018-12-19,14.083333333333334
2018-12-20,15.291666666666666
2018-12-21,15.708333333333334
2018-12-22,13.625
2018-12-23,12.833333333333334
2018-12-24,11.212121212121213
2018-12-25,13.8125
2018-12-26,13.666666666666666
2018-12-27,11.36
2018-12-28,11.923076923076923
2018-12-29,8.916666666666666
2018-12-30,9.875
2018-12-31,11.153846153846153
2019-01-01,11.24
2019-01-02,8.875
2019-01-03,9.666666666666666
2019-01-04,10.541666666666666
2019-01-05,10.444444444444445
2019-01-06,9.838709677419354
2019-01-07,11.073170731707316
2019-01-08,12.777777777777779
2019-01-09,12.708333333333334
2019-01-10,12.807692307692308
2019-01-11,9.311111111111112
2019-01-12,11.029411764705882
2019-01-13,9.625
2019-01-14,11.147058823529411
2019-01-15,10.0
2019-01-16,11.904761904761905
2019-01-17,14.344262295081966
2019-01-18,12.666666666666666
2019-01-19,14.541666666666666
2019-01-20,15.25
2019-01-21,13.62962962962963
2019-01-22,13.5
2019-01-23,12.25
2019-01-24,13.625
2019-01-25,15.291666666666666
2019-01-26,16.833333333333332
2019-01-27,16.291666666666668
2019-01-28,15.041666666666666
2019-01-29,17.0
2019-01-30,14.458333333333334
2019-01-31,12.6
2019-02-01,11.038461538461538
2019-02-02,12.023255813953488
2019-02-03,11.037735849056604
2019-02-04,11.2
2019-02-05,9.290322580645162
2019-02-06,8.333333333333334
2019-02-07,8.25
2019-02-08,9.208333333333334
2019-02-09,9.178571428571429
2019-02-10,9.333333333333334
2019-02-11,8.26923076923077
2019-02-12,10.36
2019-02-13,12.541666666666666
2019-02-14,13.113636363636363
2019-02-15,11.148148148148149
2019-02-16,10.193548387096774
2019-02-17,9.333333333333334
2019-02-18,8.72
2019-02-19,9.291666666666666
2019-02-20,7.615384615384615
2019-02-21,8.222222222222221
2019-02-22,9.615384615384615
2019-02-23,8.75
2019-02-24,11.0
2019-02-25,12.125
2019-02-26,12.25
2019-02-27,12.92
2019-02-28,14.261904761904763
2019-03-01,14.166666666666666
2019-03-02,13.153846153846153
2019-03-03,13.825
2019-03-04,13.10344827586207
2019-03-05,13.076923076923077
2019-03-06,12.605263157894736
2019-03-07,12.822222222222223
2019-03-08,11.25925925925926
2019-03-09,10.0
2019-03-10,10.038461538461538
2019-03-11,10.875
2019-03-12,16.125
2019-03-13,14.875
2019-03-14,13.833333333333334
2019-03-15,15.083333333333334
2019-03-16,20.72
2019-03-17,19.96
2019-03-18,19.96
2019-03-19,16.458333333333332
2019-03-20,14.027027027027026
2019-03-21,11.411764705882353
2019-03-22,11.615384615384615
2019-03-23,13.26923076923077
2019-03-24,13.161290322580646
2019-03-25,15.958333333333334
2019-03-26,15.958333333333334
2019-03-27,14.68
2019-03-28,14.846153846153847
2019-03-29,15.76
2019-03-30,17.807692307692307
2019-03-31,19.541666666666668
2019-04-01,20.8
2019-04-02,18.03846153846154
2019-04-03,14.777777777777779
2019-04-04,14.1
2019-04-05,14.041666666666666
2019-04-06,15.461538461538462
2019-04-07,17.791666666666668
2019-04-08,22.416666666666668
2019-04-09,21.36
2019-04-10,18.32
2019-04-11,19.23076923076923
2019-04-12,19.0
2019-04-13,18.8
2019-04-14,18.708333333333332
2019-04-15,16.166666666666668
2019-04-16,13.933333333333334
2019-04-17,15.458333333333334
2019-04-18,20.083333333333332
2019-04-19,20.416666666666668
2019-04-20,14.517241379310345
2019-04-21,14.642857142857142
2019-04-22,15.88
2019-04-23,19.708333333333332
2019-04-24,20.08695652173913
2019-04-25,18.75
2019-04-26,17.392857142857142
2019-04-27,15.357142857142858
2019-04-28,15.257142857142858
2019-04-29,14.093023255813954
2019-04-30,14.625
2019-05-01,15.0
2019-05-02,15.875
2019-05-03,16.392857142857142
2019-05-04,16.535714285714285
2019-05-05,16.296296296296298
2019-05-06,14.862068965517242
2019-05-07,15.2
2019-05-08,15.064516129032258
2019-05-09,15.0
2019-05-10,14.82857142857143
2019-05-11,17.0
2019-05-12,17.387096774193548
2019-05-13,17.655172413793103
2019-05-14,18.0
2019-05-15,16.535714285714285
2019-05-16,14.69047619047619
2019-05-17,16.192307692307693
2019-05-18,16.6
2019-05-19,13.275862068965518
2019-05-20,14.40625
2019-05-21,14.774193548387096
2019-05-22,15.419354838709678
2019-05-23,13.833333333333334
2019-05-24,15.037037037037036
2019-05-25,15.866666666666667
2019-05-26,13.558823529411764
2019-05-27,12.931034482758621
2019-05-28,15.72
2019-05-29,18.25
2019-05-30,18.321428571428573
2019-05-31,17.185185185185187
2019-06-01,15.6
2019-06-02,16.4
2019-06-03,16.73076923076923
2019-06-04,16.75
2019-06-05,18.79310344827586
2019-06-06,19.40740740740741
2019-06-07,18.484848484848484
2019-06-08,19.11111111111111
2019-06-09,22.214285714285715
2019-06-10,26.5
2019-06-11,29.041666666666668
2019-06-12,24.916666666666668
2019-06-13,19.2
2019-06-14,18.142857142857142
2019-06-15,18.535714285714285
2019-06-16,18.46153846153846
2019-06-17,17.542857142857144
2019-06-18,18.25
2019-06-19,19.413793103448278
2019-06-20,18.384615384615383
2019-06-21,16.763157894736842
2019-06-22,18.814814814814813
2019-06-23,18.703703703703702
2019-06-24,18.677419354838708
2019-06-25,18.258064516129032
2019-06-26,18.1
2019-06-27,18.551724137931036
2019-06-28,19.655172413793103
2019-06-29,21.958333333333332
2019-06-30,23.625
2019-07-01,23.25
2019-07-02,22.333333333333332
2019-07-03,20.74074074074074
2019-07-04,20.357142857142858
2019-07-05,19.964285714285715
2019-07-06,19.733333333333334
2019-07-07,18.93548387096774
2019-07-08,19.25925925925926
2019-07-09,20.071428571428573
2019-07-10,22.083333333333332
2019-07-11,23.5
2019-07-12,24.166666666666668
2019-07-13,24.875
2019-07-14,23.214285714285715
2019-07-15,24.083333333333332
2019-07-16,25.291666666666668
2019-07-17,21.933333333333334
2019-07-18,21.620689655172413
2019-07-19,19.757575757575758
2019-07-20,20.321428571428573
2019-07-21,22.44
2019-07-22,23.083333333333332
2019-07-23,27.25
2019-07-24,29.041666666666668
2019-07-25,27.166666666666668
2019-07-26,27.565217391304348
2019-07-27,27.291666666666668
2019-07-28,26.0
2019-07-29,22.571428571428573
2019-07-30,22.09090909090909
2019-07-31,22.357142857142858
2019-08-01,23.625
2019-08-02,24.958333333333332
2019-08-03,25.625
2019-08-04,25.5
2019-08-05,25.333333333333332
2019-08-06,24.72
2019-08-07,22.875
2019-08-08,21.444444444444443
2019-08-09,22.458333333333332
2019-08-10,22.458333333333332
2019-08-11,22.25
2019-08-12,21.555555555555557
2019-08-13,22.444444444444443
2019-08-14,24.833333333333332
2019-08-15,24.416666666666668
2019-08-16,21.548387096774192
2019-08-17,20.413793103448278
2019-08-18,20.321428571428573
2019-08-19,20.896551724137932
2019-08-20,23.375
2019-08-21,25.208333333333332
2019-08-22,24.541666666666668
2019-08-23,21.03448275862069
2019-08-24,24.75
2019-08-25,25.625
2019-08-26,26.791666666666668
2019-08-27,26.083333333333332
2019-08-28,23.166666666666668
2019-08-29,24.875
2019-08-30,26.541666666666668
2019-08-31,25.708333333333332
2019-09-01,25.625
2019-09-02,26.375
2019-09-03,27.958333333333332
2019-09-04,28.833333333333332
2019-09-05,28.666666666666668
2019-09-06,27.583333333333332
2019-09-07,27.2
2019-09-08,22.541666666666668
2019-09-09,21.5
2019-09-10,20.74074074074074
2019-09-11,20.066666666666666
2019-09-12,23.583333333333332
2019-09-13,26.583333333333332
2019-09-14,28.541666666666668
2019-09-15,25.958333333333332
2019-09-16,23.125
2019-09-17,21.041666666666668
2019-09-18,21.875
2019-09-19,20.375
2019-09-20,20.071428571428573
2019-09-21,22.708333333333332
2019-09-22,25.083333333333332
2019-09-23,23.72
2019-09-24,22.6
2019-09-25,24.291666666666668
2019-09-26,21.205128205128204
2019-09-27,20.533333333333335
2019-09-28,18.6875
2019-09-29,17.25
2019-09-30,16.5
2019-10-01,16.92
2019-10-02,18.75
2019-10-03,19.125
2019-10-04,18.75
2019-10-05,19.958333333333332
2019-10-06,21.5
2019-10-07,23.0
2019-10-08,21.416666666666668
2019-10-09,18.321428571428573
2019-10-10,19.03846153846154
2019-10-11,22.375
2019-10-12,20.916666666666668
2019-10-13,18.583333333333332
2019-10-14,16.814814814814813
2019-10-15,19.26086956521739
2019-10-16,23.541666666666668
2019-10-17,19.821428571428573
2019-10-18,19.041666666666668
2019-10-19,19.416666666666668
2019-10-20,22.962962962962962
2019-10-21,24.125
2019-10-22,24.625
2019-10-23,24.291666666666668
2019-10-24,26.08
2019-10-25,25.333333333333332
2019-10-26,22.958333333333332
2019-10-27,18.46153846153846
2019-10-28,17.555555555555557
2019-10-29,15.291666666666666
2019-10-30,15.583333333333334
2019-10-31,14.84
2019-11-01,17.166666666666668
2019-11-02,17.916666666666668
2019-11-03,17.625
2019-11-04,17.458333333333332
2019-11-05,18.625
2019-11-06,17.25
2019-11-07,15.418604651162791
2019-11-08,20.125
2019-11-09,22.68
2019-11-10,19.208333333333332
2019-11-11,16.153846153846153
2019-11-12,17.625
2019-11-13,15.935483870967742
2019-11-14,14.529411764705882
2019-11-15,14.884615384615385
2019-11-16,17.25
2019-11-17,20.625
2019-11-18,21.083333333333332
2019-11-19,20.0
2019-11-20,13.846153846153847
2019-11-21,12.708333333333334
2019-11-22,14.333333333333334
2019-11-23,15.291666666666666
2019-11-24,15.333333333333334
2019-11-25,14.12
2019-11-26,15.0
2019-11-27,11.2
2019-11-28,8.21875
2019-11-29,6.90625
2019-11-30,8.375
2019-12-01,9.916666666666666
2019-12-02,12.125
2019-12-03,13.708333333333334
2019-12-04,13.432432432432432
2019-12-05,13.294117647058824
2019-12-06,14.041666666666666
2019-12-07,14.439024390243903
2019-12-08,14.62
2019-12-09,13.035714285714286
2019-12-10,12.541666666666666
2019-12-11,12.125
2019-12-12,14.333333333333334
2019-12-13,15.083333333333334
2019-12-14,14.055555555555555
2019-12-15,13.12
2019-12-16,10.791666666666666
2019-12-17,10.791666666666666
2019-12-18,9.791666666666666
2019-12-19,10.25
2019-12-20,12.833333333333334
2019-12-21,14.166666666666666
2019-12-22,13.5
2019-12-23,11.666666666666666
2019-12-24,10.23076923076923
2019-12-25,9.74074074074074
2019-12-26,8.566666666666666
2019-12-27,10.5
2019-12-28,8.416666666666666
2019-12-29,8.923076923076923
2019-12-30,11.166666666666666
2019-12-31,17.666666666666668
2020-01-01,12.791666666666666
2020-01-02,13.625
2020-01-03,13.608695652173912
2020-01-04,13.083333333333334
2020-01-05,12.92
2020-01-06,14.333333333333334
2020-01-07,15.666666666666666
2020-01-08,11.964285714285714
2020-01-09,10.703703703703704
2020-01-10,11.583333333333334
2020-01-11,10.208333333333334
2020-01-12,10.03448275862069
2020-01-13,9.357142857142858
2020-01-14,10.291666666666666
2020-01-15,10.458333333333334
2020-01-16,9.696969696969697
2020-01-17,9.527777777777779
2020-01-18,12.125
2020-01-19,13.583333333333334
2020-01-20,14.125
2020-01-21,13.038461538461538
2020-01-22,11.583333333333334
2020-01-23,14.16
2020-01-24,15.416666666666666
2020-01-25,14.791666666666666
2020-01-26,12.882352941176471
2020-01-27,14.84
2020-01-28,17.88
2020-01-29,17.0
2020-01-30,16.166666666666668
2020-01-31,16.25
2020-02-01,18.333333333333332
2020-02-02,16.541666666666668
2020-02-03,11.28
2020-02-04,11.074074074074074
2020-02-05,8.583333333333334
2020-02-06,10.25
2020-02-07,11.666666666666666
2020-02-08,12.916666666666666
2020-02-09,11.5
2020-02-10,15.375
2020-02-11,18.0
2020-02-12,12.083333333333334
2020-02-13,12.347826086956522
2020-02-14,12.916666666666666
2020-02-15,12.958333333333334
2020-02-16,13.8
2020-02-17,13.791666666666666
2020-02-18,13.1875
2020-02-19,14.266666666666667
2020-02-20,15.708333333333334
2020-02-21,18.0
2020-02-22,14.935483870967742
2020-02-23,13.333333333333334
2020-02-24,13.72
2020-02-25,16.875
2020-02-26,17.5
2020-02-27,18.291666666666668
2020-02-28,21.2
2020-02-29,17.416666666666668
2020-03-01,13.294117647058824
2020-03-02,13.153846153846153
2020-03-03,18.8
2020-03-04,16.76
2020-03-05,16.208333333333332
2020-03-06,17.541666666666668
2020-03-07,13.34375
2020-03-08,12.607142857142858
2020-03-09,12.791666666666666
2020-03-10,15.764705882352942
2020-03-11,15.7
2020-03-12,13.777777777777779
2020-03-13,10.936170212765957
2020-03-14,12.096153846153847
2020-03-15,12.428571428571429
2020-03-16,11.916666666666666
2020-03-17,9.1875
2020-03-18,10.208333333333334
2020-03-19,11.133333333333333
2020-03-20,12.413793103448276
2020-03-21,14.307692307692308
2020-03-22,13.541666666666666
2020-03-23,12.7
2020-03-24,12.413793103448276
2020-03-25,12.89655172413793
2020-03-26,10.92
2020-03-27,11.583333333333334
2020-03-28,12.12
2020-03-29,12.833333333333334
2020-03-30,14.74074074074074
2020-03-31,16.708333333333332
2020-04-01,18.166666666666668
2020-04-02,15.6
2020-04-03,15.0
2020-04-04,13.9
2020-04-05,13.575757575757576
2020-04-06,12.222222222222221
2020-04-07,12.333333333333334
2020-04-08,10.0
2020-04-09,10.35483870967742
2020-04-10,10.458333333333334
2020-04-11,13.541666666666666
2020-04-12,13.567567567567568
2020-04-13,13.666666666666666
2020-04-14,15.12
2020-04-15,19.916666666666668
2020-04-16,18.208333333333332
2020-04-17,14.258064516129032
2020-04-18,14.419354838709678
2020-04-19,14.633333333333333
2020-04-20,15.206896551724139
2020-04-21,16.5
2020-04-22,20.2
2020-04-23,26.541666666666668
2020-04-24,26.84
2020-04-25,27.375
2020-04-26,25.0
2020-04-27,22.333333333333332
2020-04-28,22.708333333333332
2020-04-29,19.655172413793103
2020-04-30,19.37037037037037
2020-05-01,19.59259259259259
2020-05-02,19.75
2020-05-03,19.208333333333332
2020-05-04,20.291666666666668
2020-05-05,24.958333333333332
2020-05-06,26.75
2020-05-07,27.041666666666668
2020-05-08,24.125
2020-05-09,20.321428571428573
2020-05-10,18.363636363636363
2020-05-11,18.310344827586206
2020-05-12,17.03846153846154
2020-05-13,17.166666666666668
2020-05-14,19.0
2020-05-15,20.125
2020-05-16,21.166666666666668
2020-05-17,20.541666666666668
2020-05-18,17.775
2020-05-19,16.6
2020-05-20,17.458333333333332
2020-05-21,20.041666666666668
2020-05-22,20.692307692307693
2020-05-23,18.37037037037037
2020-05-24,19.416666666666668
2020-05-25,21.375
2020-05-26,24.041666666666668
2020-05-27,22.24
2020-05-28,20.296296296296298
2020-05-29,18.37037037037037
2020-05-30,18.333333333333332
2020-05-31,18.576923076923077
2020-06-01,22.52
2020-06-02,23.625
2020-06-03,26.416666666666668
2020-06-04,21.555555555555557
2020-06-05,17.966666666666665
2020-06-06,18.20689655172414
2020-06-07,19.16
2020-06-08,22.791666666666668
2020-06-09,25.84
2020-06-10,27.583333333333332
2020-06-11,27.291666666666668
2020-06-12,21.185185185185187
2020-06-13,20.0
2020-06-14,20.041666666666668
2020-06-15,21.5
2020-06-16,19.22222222222222
2020-06-17,19.482758620689655
2020-06-18,18.464285714285715
2020-06-19,19.192307692307693
2020-06-20,18.06896551724138
2020-06-21,18.9
2020-06-22,19.857142857142858
2020-06-23,20.379310344827587
2020-06-24,20.3
2020-06-25,19.75862068965517
2020-06-26,20.576923076923077
2020-06-27,20.653846153846153
2020-06-28,19.06896551724138
2020-06-29,18.47222222222222
2020-06-30,19.583333333333332
2020-07-01,18.9
2020-07-02,19.586206896551722
2020-07-03,22.541666666666668
2020-07-04,25.125
2020-07-05,23.96969696969697
2020-07-06,25.958333333333332
2020-07-07,25.5
2020-07-08,23.0
2020-07-09,21.964285714285715
2020-07-10,24.5
2020-07-11,28.0
2020-07-12,27.958333333333332
2020-07-13,25.44
2020-07-14,22.0
2020-07-15,20.392857142857142
2020-07-16,19.892857142857142
2020-07-17,21.375
2020-07-18,22.458333333333332
2020-07-19,22.666666666666668
2020-07-20,21.875
2020-07-21,22.333333333333332
2020-07-22,19.59259259259259
2020-07-23,18.555555555555557
2020-07-24,19.76923076923077
2020-07-25,20.107142857142858
2020-07-26,22.541666666666668
2020-07-27,22.333333333333332
2020-07-28,21.041666666666668
2020-07-29,21.958333333333332
2020-07-30,23.416666666666668
2020-07-31,28.791666666666668
2020-08-01,27.666666666666668
2020-08-02,26.25
2020-08-03,22.96551724137931
2020-08-04,21.733333333333334
2020-08-05,20.678571428571427
2020-08-06,20.178571428571427
2020-08-07,21.458333333333332
2020-08-08,22.5
2020-08-09,22.208333333333332
2020-08-10,22.25
2020-08-11,22.125
2020-08-12,24.416666666666668
2020-08-13,26.583333333333332
2020-08-14,29.583333333333332
2020-08-15,32.0
2020-08-16,28.791666666666668
2020-08-17,28.375
2020-08-18,30.291666666666668
2020-08-19,29.291666666666668
2020-08-20,29.041666666666668
2020-08-21,27.375
2020-08-22,28.583333333333332
2020-08-23,27.291666666666668
2020-08-24,26.5
2020-08-25,25.791666666666668
2020-08-26,26.791666666666668
2020-08-27,27.083333333333332
2020-08-28,25.416666666666668
2020-08-29,21.583333333333332
2020-08-30,20.185185185185187
2020-08-31,20.037037037037038
2020-09-01,19.785714285714285
2020-09-02,21.333333333333332
2020-09-03,22.75
2020-09-04,25.53846153846154
2020-09-05,30.583333333333332
2020-09-06,37.2
2020-09-07,31.125
2020-09-08,23.275862068965516
2020-09-09,23.416666666666668
2020-09-10,23.333333333333332
2020-09-11,22.916666666666668
2020-09-12,23.256410256410255
2020-09-13,23.48148148148148
2020-09-14,23.833333333333332
2020-09-15,25.296296296296298
2020-09-16,26.625
2020-09-17,26.208333333333332
2020-09-18,27.125
2020-09-19,27.125
2020-09-20,23.0
2020-09-21,21.6
2020-09-22,21.75
2020-09-23,23.0
2020-09-24,24.0
2020-09-25,21.466666666666665
2020-09-26,21.066666666666666
2020-09-27,21.322580645161292
2020-09-28,22.275862068965516
2020-09-29,26.0
2020-09-30,30.041666666666668
2020-10-01,31.333333333333332
2020-10-02,28.958333333333332
2020-10-03,27.291666666666668
2020-10-04,26.083333333333332
2020-10-05,26.375
2020-10-06,24.5
2020-10-07,23.25
2020-10-08,19.724137931034484
2020-10-09,19.333333333333332
2020-10-10,19.423076923076923
2020-10-11,19.375
2020-10-12,23.083333333333332
2020-10-13,26.916666666666668
2020-10-14,26.541666666666668
2020-10-15,26.125
2020-10-16,26.333333333333332
2020-10-17,25.041666666666668
2020-10-18,22.416666666666668
2020-10-19,19.23076923076923
2020-10-20,19.0
2020-10-21,18.555555555555557
2020-10-22,18.678571428571427
2020-10-23,18.52
2020-10-24,18.48
2020-10-25,17.214285714285715
2020-10-26,17.666666666666668
2020-10-27,17.375
2020-10-28,16.958333333333332
2020-10-29,18.291666666666668
2020-10-30,19.916666666666668
2020-10-31,20.958333333333332
2020-11-01,21.541666666666668
2020-11-02,20.791666666666668
2020-11-03,19.208333333333332
2020-11-04,20.125
2020-11-05,23.166666666666668
2020-11-06,21.64
2020-11-07,13.756756756756756
2020-11-08,13.0
2020-11-09,13.555555555555555
2020-11-10,11.26086956521739
2020-11-11,12.125
2020-11-12,13.166666666666666
2020-11-13,12.833333333333334
2020-11-14,13.833333333333334
2020-11-15,17.96
2020-11-16,20.708333333333332
2020-11-17,19.291666666666668
2020-11-18,15.0
2020-11-19,14.3125
2020-11-20,16.333333333333332
2020-11-21,17.875
2020-11-22,17.375
2020-11-23,12.89655172413793
2020-11-24,13.071428571428571
2020-11-25,12.791666666666666
2020-11-26,11.928571428571429
2020-11-27,15.416666666666666
2020-11-28,12.833333333333334
2020-11-29,13.75
2020-11-30,15.916666666666666
2020-12-01,16.72
2020-12-02,16.208333333333332
2020-12-03,15.416666666666666
2020-12-04,13.083333333333334
2020-12-05,13.2
2020-12-06,13.791666666666666
2020-12-07,13.416666666666666
2020-12-08,23.347826086956523
2020-12-09,17.541666666666668
2020-12-10,12.833333333333334
2020-12-11,12.09375
2020-12-12,11.692307692307692
2020-12-13,13.875
2020-12-14,14.11111111111111
2020-12-15,13.291666666666666
2020-12-16,13.416666666666666
2020-12-17,13.0
2020-12-18,12.8
2020-12-19,12.75
2020-12-20,14.125
2020-12-21,16.25
2020-12-22,15.041666666666666
2020-12-23,12.09375
2020-12-24,11.958333333333334
2020-12-25,12.416666666666666
2020-12-26,13.166666666666666
2020-12-27,11.86111111111111
2020-12-28,10.0
2020-12-29,8.416666666666666
2020-12-30,11.24
2020-12-31,11.36
2021-01-01,12.5
